run,page_size,version,status_code,returned,sql_statements,latency_ms
1,10,naive,200,10,11,7.831041992176324
2,10,naive,200,10,11,7.600084005389363
3,10,naive,200,10,11,6.38312500086613
4,10,naive,200,10,11,6.194749992573634
5,10,naive,200,10,11,5.892665998544544
6,10,naive,200,10,11,5.1046670123469085
7,10,naive,200,10,11,4.811207996681333
8,10,naive,200,10,11,5.0254160014446825
9,10,naive,200,10,11,4.671165996114723
10,10,naive,200,10,11,4.910792005830444
11,10,naive,200,10,11,4.870459000812843
12,10,naive,200,10,11,4.713917005574331
13,10,naive,200,10,11,4.5443749986588955
14,10,naive,200,10,11,5.201334002777003
15,10,naive,200,10,11,5.187417002161965
16,10,naive,200,10,11,5.2751670009456575
17,10,naive,200,10,11,5.137208005180582
18,10,naive,200,10,11,5.171666998649016
19,10,naive,200,10,11,4.762958997162059
20,10,naive,200,10,11,5.794124997919425
21,10,naive,200,10,11,5.306917009875178
22,10,naive,200,10,11,5.6174170022131875
23,10,naive,200,10,11,4.442166988155805
24,10,naive,200,10,11,5.369916994823143
25,10,naive,200,10,11,5.956250010058284
26,10,naive,200,10,11,4.908957998850383
27,10,naive,200,10,11,5.234041003859602
28,10,naive,200,10,11,5.737707993830554
29,10,naive,200,10,11,5.470749994856305
30,10,naive,200,10,11,6.128875000285916
1,10,fixed,200,10,2,4.426500003319234
2,10,fixed,200,10,2,3.930999999283813
3,10,fixed,200,10,2,4.196208989014849
4,10,fixed,200,10,2,4.5398340007523075
5,10,fixed,200,10,2,4.482875010580756
6,10,fixed,200,10,2,4.43766699754633
7,10,fixed,200,10,2,4.711874993517995
8,10,fixed,200,10,2,4.660833001253195
9,10,fixed,200,10,2,4.32645900582429
10,10,fixed,200,10,2,3.712749996338971
11,10,fixed,200,10,2,4.444082995178178
12,10,fixed,200,10,2,4.138541989959776
13,10,fixed,200,10,2,4.4474159949459136
14,10,fixed,200,10,2,4.471209002076648
15,10,fixed,200,10,2,4.457541013834998
16,10,fixed,200,10,2,4.308416013373062
17,10,fixed,200,10,2,4.7667909966548905
18,10,fixed,200,10,2,4.579417000059038
19,10,fixed,200,10,2,4.473416993278079
20,10,fixed,200,10,2,4.689583001891151
21,10,fixed,200,10,2,4.423542006406933
22,10,fixed,200,10,2,4.68512499355711
23,10,fixed,200,10,2,4.472083994187415
24,10,fixed,200,10,2,4.2602079920470715
25,10,fixed,200,10,2,4.943332998664118
26,10,fixed,200,10,2,5.163624999113381
27,10,fixed,200,10,2,4.983459002687596
28,10,fixed,200,10,2,4.666749999159947
29,10,fixed,200,10,2,4.131583002163097
30,10,fixed,200,10,2,5.123415990965441
1,50,naive,200,50,51,17.72679199348204
2,50,naive,200,50,51,40.69520899793133
3,50,naive,200,50,51,12.579041009303182
4,50,naive,200,50,51,13.223708010627888
5,50,naive,200,50,51,12.526042002718896
6,50,naive,200,50,51,12.9735419905046
7,50,naive,200,50,51,12.095958009012975
8,50,naive,200,50,51,14.510709006572142
9,50,naive,200,50,51,13.377167008002289
10,50,naive,200,50,51,13.284625005326234
11,50,naive,200,50,51,12.94154099014122
12,50,naive,200,50,51,12.774875009199604
13,50,naive,200,50,51,12.12699999450706
14,50,naive,200,50,51,11.401791009120643
15,50,naive,200,50,51,10.193458991125226
16,50,naive,200,50,51,9.86712500161957
17,50,naive,200,50,51,9.674000000813976
18,50,naive,200,50,51,9.561458995449357
19,50,naive,200,50,51,9.720832997118123
20,50,naive,200,50,51,9.379875002196059
21,50,naive,200,50,51,9.096209003473632
22,50,naive,200,50,51,10.172249996685423
23,50,naive,200,50,51,9.540167011437006
24,50,naive,200,50,51,9.42654199025128
25,50,naive,200,50,51,10.221208998700604
26,50,naive,200,50,51,8.9078330056509
27,50,naive,200,50,51,8.58504101051949
28,50,naive,200,50,51,8.803332995739765
29,50,naive,200,50,51,9.060457989107817
30,50,naive,200,50,51,9.104583004955202
1,50,fixed,200,50,2,3.5412080032983795
2,50,fixed,200,50,2,3.3449589973315597
3,50,fixed,200,50,2,3.3325000113109127
4,50,fixed,200,50,2,3.349959006300196
5,50,fixed,200,50,2,3.7132499855943024
6,50,fixed,200,50,2,3.608374987379648
7,50,fixed,200,50,2,3.911209001671523
8,50,fixed,200,50,2,3.881041004206054
9,50,fixed,200,50,2,4.111999995075166
10,50,fixed,200,50,2,3.8183750002644956
11,50,fixed,200,50,2,3.4897089935839176
12,50,fixed,200,50,2,3.9007089944789186
13,50,fixed,200,50,2,3.911000007065013
14,50,fixed,200,50,2,3.987999996752478
15,50,fixed,200,50,2,3.8815840089228004
16,50,fixed,200,50,2,3.5859169875038788
17,50,fixed,200,50,2,3.8682500016875565
18,50,fixed,200,50,2,4.014790989458561
19,50,fixed,200,50,2,4.2636669968487695
20,50,fixed,200,50,2,4.389249996165745
21,50,fixed,200,50,2,3.7389579956652597
22,50,fixed,200,50,2,4.024499998195097
23,50,fixed,200,50,2,5.015166010707617
24,50,fixed,200,50,2,4.480417002923787
25,50,fixed,200,50,2,3.940209004213102
26,50,fixed,200,50,2,4.474500005017035
27,50,fixed,200,50,2,4.305665992433205
28,50,fixed,200,50,2,3.870208005537279
29,50,fixed,200,50,2,3.6782079987460747
30,50,fixed,200,50,2,3.8327910006046295
1,200,naive,200,200,201,36.928458997863345
2,200,naive,200,200,201,29.032083999481983
3,200,naive,200,200,201,28.6852079880191
4,200,naive,200,200,201,28.508041010354646
5,200,naive,200,200,201,28.878666998934932
6,200,naive,200,200,201,28.22658300283365
7,200,naive,200,200,201,28.401959003531374
8,200,naive,200,200,201,28.701917006401345
9,200,naive,200,200,201,28.942667006049305
10,200,naive,200,200,201,28.54558300168719
11,200,naive,200,200,201,28.27762499509845
12,200,naive,200,200,201,28.234665995114483
13,200,naive,200,200,201,28.72862500953488
14,200,naive,200,200,201,28.044124992447905
15,200,naive,200,200,201,28.674874993157573
16,200,naive,200,200,201,28.65474999998696
17,200,naive,200,200,201,28.621374993235804
18,200,naive,200,200,201,28.527792004751973
19,200,naive,200,200,201,28.54737499728799
20,200,naive,200,200,201,28.356208000332117
21,200,naive,200,200,201,28.56212500773836
22,200,naive,200,200,201,28.71741600392852
23,200,naive,200,200,201,28.587374996277504
24,200,naive,200,200,201,28.081250013201497
25,200,naive,200,200,201,28.287084001931362
26,200,naive,200,200,201,28.38820801116526
27,200,naive,200,200,201,28.714457992464304
28,200,naive,200,200,201,27.942457993049175
29,200,naive,200,200,201,28.338332995190285
30,200,naive,200,200,201,29.108374990755692
1,200,fixed,200,200,2,5.447834002552554
2,200,fixed,200,200,2,5.175792000954971
3,200,fixed,200,200,2,5.026750004617497
4,200,fixed,200,200,2,5.416083993623033
5,200,fixed,200,200,2,5.500415994902141
6,200,fixed,200,200,2,5.800708997412585
7,200,fixed,200,200,2,5.806208006106317
8,200,fixed,200,200,2,16.286416008369997
9,200,fixed,200,200,2,5.705834002583288
10,200,fixed,200,200,2,5.926416997681372
11,200,fixed,200,200,2,4.547374992398545
12,200,fixed,200,200,2,4.327083996031433
13,200,fixed,200,200,2,4.919208004139364
14,200,fixed,200,200,2,5.309125001076609
15,200,fixed,200,200,2,5.17937500262633
16,200,fixed,200,200,2,5.225749991950579
17,200,fixed,200,200,2,5.728541000280529
18,200,fixed,200,200,2,5.1099999982398
19,200,fixed,200,200,2,5.717790991184302
20,200,fixed,200,200,2,5.273957998724654
21,200,fixed,200,200,2,4.95058301021345
22,200,fixed,200,200,2,5.254875009995885
23,200,fixed,200,200,2,5.250415997579694
24,200,fixed,200,200,2,5.2785829902859405
25,200,fixed,200,200,2,5.518292004126124
26,200,fixed,200,200,2,5.732000005082227
27,200,fixed,200,200,2,5.714832994272001
28,200,fixed,200,200,2,5.830416004755534
29,200,fixed,200,200,2,6.333083001663908
30,200,fixed,200,200,2,6.18387499707751
