chunker,question_id,expected_source,rank,source,store_score,cosine_similarity,chunk_length,latency_ms,query_embedding_dimension,query_embedding_first_8,query_vector_shape,chunk_vector_shape,text_preview
token,q1,ftc_rental_listing_scams.html,1,ftc_rental_listing_scams.html,0.574532,0.476903,1161,13.37,384,"[0.045439, -0.050476, -0.049581, 0.109286, 0.023538, 0.06002, 0.00361, 0.038027]",[384],[384],"you’ve agreed to rent a place, a landlord doesn’t need your Social Security number, credit score, or other sensitive information. And most landlords normally pull your credit score themselves — they don’t tell you to get it for them. Listen"
token,q1,ftc_rental_listing_scams.html,2,california_tenants_2026.pdf,0.567857,0.596998,1048,13.37,384,"[0.045439, -0.050476, -0.049581, 0.109286, 0.023538, 0.06002, 0.00361, 0.038027]",[384],[384],"the cost of obtaining information about you, such as checking your personal references and obtaining your credit report (see pages 1 7-18). The application screening fee is not part of the security deposit and is not refundable as part of t"
token,q1,ftc_rental_listing_scams.html,3,california_tenants_2026.pdf,0.564118,0.593051,1177,13.37,384,"[0.045439, -0.050476, -0.049581, 0.109286, 0.023538, 0.06002, 0.00361, 0.038027]",[384],[384],"or name for any other deposits or charges, the law considers them all to be part of the security deposit and limited to an amount equal to one month’s rent.142 Only small landlords can charge more for a security deposit. Small landlords can"
token,q1,ftc_rental_listing_scams.html,4,ftc_rental_listing_scams.html,0.557054,0.455547,1082,13.37,384,"[0.045439, -0.050476, -0.049581, 0.109286, 0.023538, 0.06002, 0.00361, 0.038027]",[384],[384],"the ad you found may be a scam. Scammers create listings for places that aren’t for rent or don’t exist. The fake ads might offer surprisingly low rent or amazing amenities. But when you ask to see the rental, the fake owner will usually cl"
token,q1,ftc_rental_listing_scams.html,5,cfpb_tenant_background_market_report.pdf,0.553048,0.528897,1064,13.37,384,"[0.045439, -0.050476, -0.049581, 0.109286, 0.023538, 0.06002, 0.00361, 0.038027]",[384],[384],"for the reports I run?,” https://fabcogroup.com/faqs/. In contrast, another company’s website markets an “applicant pays” solution to landlords: Tenant Verification Services, “Reports are FREE when you choose applicant pays upon ordering. C"
token,q2,california_tenants_2026.pdf,1,california_tenants_2026.pdf,0.798631,0.662362,1119,12.6,384,"[0.125766, -0.025051, -0.012115, 0.047433, -0.006981, 0.030006, -0.005548, -0.080366]",[384],[384],"all landlords charge tenants a security deposit. The security deposit may be called last month’s rent, security deposit, pet deposit, key fee, or cleaning fee. The security deposit can even be a combination of fees. No matter what these pay"
token,q2,california_tenants_2026.pdf,2,california_tenants_2026.pdf,0.783215,0.646456,1177,12.6,384,"[0.125766, -0.025051, -0.012115, 0.047433, -0.006981, 0.030006, -0.005548, -0.080366]",[384],[384],"or name for any other deposits or charges, the law considers them all to be part of the security deposit and limited to an amount equal to one month’s rent.142 Only small landlords can charge more for a security deposit. Small landlords can"
token,q2,california_tenants_2026.pdf,3,california_tenants_2026.pdf,0.747546,0.62616,1108,12.6,384,"[0.125766, -0.025051, -0.012115, 0.047433, -0.006981, 0.030006, -0.005548, -0.080366]",[384],[384],"the limits on security deposits, page 88). Local rent stabilization ordinances may also limit or prohibit increases in security deposits. The landlord must give you proper advance written notice of any increase in the security deposit (see "
token,q2,california_tenants_2026.pdf,4,california_tenants_2026.pdf,0.746367,0.673643,1197,12.6,384,"[0.125766, -0.025051, -0.012115, 0.047433, -0.006981, 0.030006, -0.005548, -0.080366]",[384],[384],the service member a written statement on or before the date the lease is signed which explains the reason(s) why a higher security deposit is being charged as well as the amount of the security deposit. The additional amount of the securit
token,q2,california_tenants_2026.pdf,5,california_tenants_2026.pdf,0.737782,0.627403,1088,12.6,384,"[0.125766, -0.025051, -0.012115, 0.047433, -0.006981, 0.030006, -0.005548, -0.080366]",[384],[384],"rent and the application screening fee are not part of the security deposit. • Suppose the landlord requires you to pay $1,000 security deposit (the maximum allowed by law for an unfurnished unit when the rent is $1,000). The landlord canno"
token,q3,hud_rental_screening_guidance.pdf,1,hud_rental_screening_guidance.pdf,0.828425,0.779636,1079,10.79,384,"[-0.013543, 0.057094, -0.029385, 0.0459, 0.03562, 0.047089, -0.036552, -0.143655]",[384],[384],"see, e.g., also Hepburn, Renee Louis & Matthew Desmond, Racial and Gender Disparities Among Evicted Americans, 7 SOC. SCI. 649, 658 (2020). April 29, 2024 20 groups bearing even higher disparities.106 Evictions are filed against adults livi"
token,q3,hud_rental_screening_guidance.pdf,2,hud_rental_screening_guidance.pdf,0.792697,0.65735,984,10.79,384,"[-0.013543, 0.057094, -0.029385, 0.0459, 0.03562, 0.047089, -0.036552, -0.143655]",[384],[384],evictions are notably unreliable: 22% of the eviction records evaluated in a large study contained ambiguous information on how the case was resolved or falsely represented a tenant’s eviction history.104 Eviction disproportionately affects
token,q3,hud_rental_screening_guidance.pdf,3,hud_rental_screening_guidance.pdf,0.784372,0.662168,1211,10.79,384,"[-0.013543, 0.057094, -0.029385, 0.0459, 0.03562, 0.047089, -0.036552, -0.143655]",[384],[384],"chance afterwards to have the record disregarded and corrections made (as discussed in Sections V.A.2 and V.B.5 above). Note that under the Fair Credit Reporting Act, tenant screening companies must include existing disposition information "
token,q3,hud_rental_screening_guidance.pdf,4,hud_rental_screening_guidance.pdf,0.769398,0.658011,944,10.79,384,"[-0.013543, 0.057094, -0.029385, 0.0459, 0.03562, 0.047089, -0.036552, -0.143655]",[384],[384],"an applicant who has since begun receiving rental assistance (e.g. from a government agency) will pay rent on time. In certain circumstances, it would be particularly problematic to hold a past eviction against a tenant, for example an evic"
token,q3,hud_rental_screening_guidance.pdf,5,hud_rental_screening_guidance.pdf,0.751671,0.675653,1242,10.79,384,"[-0.013543, 0.057094, -0.029385, 0.0459, 0.03562, 0.047089, -0.036552, -0.143655]",[384],[384],"For example, poor credit could be caused by a gap between a loss of employment income and receipt of disability benefits. Having no credit history or limited credit history (i.e., an absence of credit history, negative or positive) is even "
token,q4,cfpb_tenant_background_consumer_snapshot.pdf,1,cfpb_tenant_background_consumer_snapshot.pdf,0.807866,0.806585,1107,12.06,384,"[0.04859, 0.020692, 0.01629, 0.06641, 0.014746, 0.044791, -0.066951, -0.032521]",[384],[384],"2 CONSUMER FINANCIAL PROTECTION BUREAU Executive summary Renting a home is increasingly costly and challenging for many.1 Landlords often use a prospective renter’s application fee to purchase a tenant screening report, also known as a tena"
token,q4,cfpb_tenant_background_consumer_snapshot.pdf,2,cfpb_tenant_background_consumer_snapshot.pdf,0.787407,0.77516,970,12.06,384,"[0.04859, 0.020692, 0.01629, 0.06641, 0.014746, 0.044791, -0.066951, -0.032521]",[384],[384],"NY: Social Science Research Network (Sept . 9, 2009), http://papers.ssrn.com/abstract=1503043 ; Yong Liu et al., Relationships Between Housing and Food Insecurity, Frequent Mental Distress, and In sufficient Sleep Among Adults in 12 U.S. St"
token,q4,cfpb_tenant_background_consumer_snapshot.pdf,3,cfpb_tenant_background_consumer_snapshot.pdf,0.76695,0.783266,1158,12.06,384,"[0.04859, 0.020692, 0.01629, 0.06641, 0.014746, 0.044791, -0.066951, -0.032521]",[384],[384],"screening complaints”).7 Tenant screening is not currently a product option on the CFPB’s consumer complaint form.8 Therefore, for this report, we define tenant screening complaints as (1) consumer and credit reporting complaints submitted "
token,q4,cfpb_tenant_background_consumer_snapshot.pdf,4,cfpb_tenant_background_consumer_snapshot.pdf,0.754781,0.687739,978,12.06,384,"[0.04859, 0.020692, 0.01629, 0.06641, 0.014746, 0.044791, -0.066951, -0.032521]",[384],[384],"See Disclosure of Consumer Complaint Narrative Data, 80 FR 15572 (Mar. 24, 2015), https://www.feder a lregister.gov/documents/2015/03/24/2015 -06722/disclosure -of-consumercomplaint- narrative -data. 6 CONSUMER FINANCIAL PROTECTION BUREAU h"
token,q4,cfpb_tenant_background_consumer_snapshot.pdf,5,cfpb_tenant_background_consumer_snapshot.pdf,0.751513,0.706348,823,12.06,384,"[0.04859, 0.020692, 0.01629, 0.06641, 0.014746, 0.044791, -0.066951, -0.032521]",[384],[384],"1: TENANT SCREENING COMPLAINTS BY MONTH , JAN. 2019 TO SEPT. 2022 2019 2020 2021 2022 0 200 400 600 800 1,000 FIG URE 2: TENANT SCREENING COMPLAINTS BY ISSUES, JAN. 2019 TO SEPT. 2022 10 See, e.g., Consumer Fin. Prot. Bureau, Annual report "
token,q5,ftc_rental_scams_data_spotlight.html,1,ftc_rental_scams_data_spotlight.html,0.751294,0.640694,1074,11.88,384,"[0.05038, -0.073534, -0.032452, 0.126088, 0.005646, 0.1141, -0.001031, 0.068035]",[384],[384],narratives consistent with likely rental scams. These figures are based on fraud reports to the Consumer Sentinel Network filed from January 2020 through June 2025 that were identified as rental scams. The median reported loss amount during
token,q5,ftc_rental_scams_data_spotlight.html,2,ftc_rental_scams_data_spotlight.html,0.717672,0.712239,1309,11.88,384,"[0.05038, -0.073534, -0.032452, 0.126088, 0.005646, 0.1141, -0.001031, 0.068035]",[384],[384],Cooperation Agreements Federal Register Notices Reports Public Comments Studies Testimony Policy Statements International Office of Technology Blog Advice and Guidance Show/hide Advice and Guidance menu items Consumer Advice Military Consum
token,q5,ftc_rental_scams_data_spotlight.html,3,ftc_rental_scams_data_spotlight.html,0.676314,0.609458,1040,11.88,384,"[0.05038, -0.073534, -0.032452, 0.126088, 0.005646, 0.1141, -0.001031, 0.068035]",[384],[384],"The share of reports indicating a monetary loss filed by each age group during this period is as follows: 46% (18-29), 23% (30-39), 13% (40-49), 9% (50-59), 6% (60-69), 2% (70-79), less than 1% (80 and over). This excludes reports that did "
token,q5,ftc_rental_scams_data_spotlight.html,4,ftc_rental_listing_scams.html,0.628138,0.554177,1207,11.88,384,"[0.05038, -0.073534, -0.032452, 0.126088, 0.005646, 0.1141, -0.001031, 0.068035]",[384],[384],"Consumer Alerts Visit ftc.gov CFG: Main Navigation Shopping and Donating Show/hide Shopping and Donating menu items Shopping For the Home Health Funerals Buying and Owning a Car Donating to Charity Credit, Loans, and Debt Show/hide Credit, "
token,q5,ftc_rental_scams_data_spotlight.html,5,ftc_rental_scams_data_spotlight.html,0.61142,0.532206,1147,11.88,384,"[0.05038, -0.073534, -0.032452, 0.126088, 0.005646, 0.1141, -0.001031, 0.068035]",[384],[384],"find the same property listed with different prices or contact information, it’s likely a scam. And if you find the home listed for sale instead of for rent, that’s a big red flag. Don’t share personal information too early. Until you’ve ag"
semantic,q1,ftc_rental_listing_scams.html,1,cfpb_tenant_background_market_report.pdf,0.492647,0.448214,15441,8.15,384,"[0.045439, -0.050476, -0.049581, 0.109286, 0.023538, 0.06002, 0.00361, 0.038027]",[384],[384],"Credit Reporting System,” p. 7, https://files.consumerfinance.gov/f/201212_cfpb_credit-reporting-white-paper.pdf; Evan Hendricks, “Credit Scores & Credit Reports. How the System Really Works, What You Can Do,” Privacy Times, 2005; Family Ho"
semantic,q1,ftc_rental_listing_scams.html,2,california_tenants_2026.pdf,0.490047,0.51294,521,8.15,384,"[0.045439, -0.050476, -0.049581, 0.109286, 0.023538, 0.06002, 0.00361, 0.038027]",[384],[384],...................................................................... 41 Obtaining receipts for rent payments .................... 42 Late fees and dishonored check fees ..................... 42 Partial rent payments ......................
semantic,q1,ftc_rental_listing_scams.html,3,ftc_rental_listing_scams.html,0.490016,0.348715,3172,8.15,384,"[0.045439, -0.050476, -0.049581, 0.109286, 0.023538, 0.06002, 0.00361, 0.038027]",[384],[384],"Before you make a move, learn how to spot and avoid fake rental ads. How Rental Scam Ads Work How To Tell Whether a Rental Listing Is Real Protect Your Personal Information and Money Report Problems How Rental Scam Ads Work Rental scams oft"
semantic,q1,ftc_rental_listing_scams.html,4,cfpb_tenant_background_market_report.pdf,0.473662,0.462458,2174,8.15,384,"[0.045439, -0.050476, -0.049581, 0.109286, 0.023538, 0.06002, 0.00361, 0.038027]",[384],[384],"Jan 30, 2019), at p. 4 (FCRA lawsuit filed against AppFolio for failing to provide the intermediary data source). CONSUMER FINANCIAL PROTECTION BUREAU 20 FIGURE 4: TENANT SCREENING ECOSYSTEM: HOW DOES INFORMATION GET INTO A TENANT SCREENING"
semantic,q1,ftc_rental_listing_scams.html,5,cfpb_tenant_background_market_report.pdf,0.468446,0.438148,13289,8.15,384,"[0.045439, -0.050476, -0.049581, 0.109286, 0.023538, 0.06002, 0.00361, 0.038027]",[384],[384],"v. Hamrick, No. 37-2017-00003005-CU-MC-NC (Cal. Super. Ct.), May 26, 2021. See also, Michigan Courts, “Protecting Personal Identifying Information,” https://www.courts.michigan.gov/administration/special-initiatives/protecting- personal-ide"
semantic,q2,california_tenants_2026.pdf,1,california_tenants_2026.pdf,0.70334,0.429559,190,7.88,384,"[0.125766, -0.025051, -0.012115, 0.047433, -0.006981, 0.030006, -0.005548, -0.080366]",[384],[384],"Code § 1950.6. The maximum fee is adjusted each year based on changes in the Consumer Price Index since January 1, 1998. As of December 2023, the maximum allowable fee is $62,02. 55 Civ."
semantic,q2,california_tenants_2026.pdf,2,california_tenants_2026.pdf,0.675447,0.663876,384,7.88,384,"[0.125766, -0.025051, -0.012115, 0.047433, -0.006981, 0.030006, -0.005548, -0.080366]",[384],[384],"392 Civ. Code § 1950.5(k). 393 California Practice Guide, Landlord-Tenant, § 2:810 (Rutter Group 2021). 394 Civ. Code § 1950.5(p) (describes evidence that proves the existence and amount of a security deposit). 395 Civ. Code § 1950.5(o); Co"
semantic,q2,california_tenants_2026.pdf,3,california_tenants_2026.pdf,0.672296,0.547658,521,7.88,384,"[0.125766, -0.025051, -0.012115, 0.047433, -0.006981, 0.030006, -0.005548, -0.080366]",[384],[384],...................................................................... 41 Obtaining receipts for rent payments .................... 42 Late fees and dishonored check fees ..................... 42 Partial rent payments ......................
semantic,q2,california_tenants_2026.pdf,4,california_tenants_2026.pdf,0.62799,0.603451,105,7.88,384,"[0.125766, -0.025051, -0.012115, 0.047433, -0.006981, 0.030006, -0.005548, -0.080366]",[384],[384],Code § 1950.6. 57 California Apartment Association (https://caanet.org/kb/max-screening-fee/). 58 Civ.
semantic,q2,california_tenants_2026.pdf,5,california_tenants_2026.pdf,0.615059,0.578138,411,7.88,384,"[0.125766, -0.025051, -0.012115, 0.047433, -0.006981, 0.030006, -0.005548, -0.080366]",[384],[384],"Code § 1950.5(f)(1). 354 Ibid. 355 Weaver, California Tenants’ Rights, 23rd Ed., pages 231-232 (NOLO Press 2022). 356 Civ. Code § 1950.5(f)(1). 357 Civ. Code § 1950.5(f)(2). 358 Civ. Code § 1950.5(f)(2), referring to Civ. Code § 1950.5(b)(1"
semantic,q3,hud_rental_screening_guidance.pdf,1,hud_rental_screening_guidance.pdf,0.739907,0.683133,3662,7.17,384,"[-0.013543, 0.057094, -0.029385, 0.0459, 0.03562, 0.047089, -0.036552, -0.143655]",[384],[384],"12, 2023). April 29, 2024 21 experience of domestic violence, dating violence, sexual assault, or stalking (e.g., for related noise violations) should not be held against the survivor.110 In addition, reasonable accommodations to the screen"
semantic,q3,hud_rental_screening_guidance.pdf,2,cfpb_tenant_background_market_report.pdf,0.723941,0.708351,7146,7.17,384,"[-0.013543, 0.057094, -0.029385, 0.0459, 0.03562, 0.047089, -0.036552, -0.143655]",[384],[384],"1344. 119 MLRI, “Evicted for Life,” supra note 112, p. 4-8. 120 Elora Raymond et al., “Corporate Landlords, Institutional Investors, and Displacement: Eviction Rates in Single- Family Rentals,” Federal Reserve Bank of Atlanta, December 2016"
semantic,q3,hud_rental_screening_guidance.pdf,3,cfpb_tenant_background_market_report.pdf,0.714222,0.709219,4009,7.17,384,"[-0.013543, 0.057094, -0.029385, 0.0459, 0.03562, 0.047089, -0.036552, -0.143655]",[384],[384],"4. CONSUMER FINANCIAL PROTECTION BUREAU 33 homelessness, causing mental and physical health issues, and preventing equitable wealth- building opportunities.139 As noted in Section 2, the make-up of renters skews towards lower- income famili"
semantic,q3,hud_rental_screening_guidance.pdf,4,hud_rental_screening_guidance.pdf,0.659304,0.632777,3762,7.17,384,"[-0.013543, 0.057094, -0.029385, 0.0459, 0.03562, 0.047089, -0.036552, -0.143655]",[384],[384],"49 15 U.S.C. §§ 1681–1681x; see generally Advisory Opinion, Fair Credit Reporting; Background Screening, 89 Fed. Reg. 4171 (Jan. 23, 2024). 50 See Langolis v. Abington Hous. Auth., 234 F. Supp. 2d 33, 69 (D. Mass. 2002) (“If the justificati"
semantic,q3,hud_rental_screening_guidance.pdf,5,hud_rental_screening_guidance.pdf,0.654629,0.584315,2840,7.17,384,"[-0.013543, 0.057094, -0.029385, 0.0459, 0.03562, 0.047089, -0.036552, -0.143655]",[384],[384],"649, 667 (2021). April 29, 2024 10 remaining factors, thereby recreating the same discriminatory outcomes.56 Monitoring should also look at whether any datasets used are more inaccurate or incomplete for certain groups than others. It also "
semantic,q4,cfpb_tenant_background_consumer_snapshot.pdf,1,cfpb_tenant_background_consumer_snapshot.pdf,0.682131,0.640739,1278,7.25,384,"[0.04859, 0.020692, 0.01629, 0.06641, 0.014746, 0.044791, -0.066951, -0.032521]",[384],[384],CONSUMER FINANCIAL PROTECTION BUREAU | NOVEMBER 2022 Consumer Snapshot: Tenant background checks Tenant screening issues described in consumer complaints and interviews 1 CONSUMER FINANCIAL PROTECTION BUREAU Table of c ontents Table of cont
semantic,q4,cfpb_tenant_background_consumer_snapshot.pdf,2,cfpb_tenant_background_consumer_snapshot.pdf,0.67908,0.692841,6241,7.25,384,"[0.04859, 0.020692, 0.01629, 0.06641, 0.014746, 0.044791, -0.066951, -0.032521]",[384],[384],Consumer resources...............................................................................................27 2 CONSUMER FINANCIAL PROTECTION BUREAU Executive summary Renting a home is increasingly costly and challenging for many.1 La
semantic,q4,cfpb_tenant_background_consumer_snapshot.pdf,3,cfpb_tenant_background_consumer_snapshot.pdf,0.673113,0.574797,4823,7.25,384,"[0.04859, 0.020692, 0.01629, 0.06641, 0.014746, 0.044791, -0.066951, -0.032521]",[384],[384],"21 CONSUMER FINANCIAL PROTECTION BUREAU 5. Problems accessing tenant screening reports Limited awareness of tenant screening reports and consumer rights In interviews and focus groups, people who had applied for rental housing in recent yea"
semantic,q4,cfpb_tenant_background_consumer_snapshot.pdf,4,cfpb_tenant_background_consumer_snapshot.pdf,0.671002,0.609487,7131,7.25,384,"[0.04859, 0.020692, 0.01629, 0.06641, 0.014746, 0.044791, -0.066951, -0.032521]",[384],[384],"Prot. Bureau, supra note 4. 10 CONSUMER FINANCIAL PROTECTION BUREAU  provide the company’s contact information.15 Tenants should review tenant screening reports for errors and initiate the dispute process with the company that compiled the"
semantic,q4,cfpb_tenant_background_consumer_snapshot.pdf,5,cfpb_tenant_background_market_report.pdf,0.644203,0.557689,5445,7.25,384,"[0.04859, 0.020692, 0.01629, 0.06641, 0.014746, 0.044791, -0.066951, -0.032521]",[384],[384],"22 See section 4.1.2, below. Renters Homeowners Income Under $30,000 $30,000–74,999 $75,000 and Over CONSUMER FINANCIAL PROTECTION BUREAU 9 3. Market Overview 3.1 Tenant Screening Industry The tenant screening market is opaque. There is no "
semantic,q5,ftc_rental_scams_data_spotlight.html,1,ftc_rental_scams_data_spotlight.html,0.682153,0.677034,283,6.94,384,"[0.05038, -0.073534, -0.032452, 0.126088, 0.005646, 0.1141, -0.001031, 0.068035]",[384],[384],Rental scams hit home with $65 million in reported losses | Federal Trade Commission Skip to main content An official website of the United States government Here’s how you know Here's how you know The .gov means it’s official. Federal gove
semantic,q5,ftc_rental_scams_data_spotlight.html,2,ftc_rental_scams_data_spotlight.html,0.620418,0.604202,7671,6.94,384,"[0.05038, -0.073534, -0.032452, 0.126088, 0.005646, 0.1141, -0.001031, 0.068035]",[384],[384],"Close to work? Whatever the must-haves are for your next rental home, you can bet there’s a fake listing that checks all the boxes. Since 2020, people have reported nearly 65,000 rental scams to the FTC with about $65 million in losses. [1]"
semantic,q5,ftc_rental_scams_data_spotlight.html,3,ftc_rental_listing_scams.html,0.551954,0.453291,3172,6.94,384,"[0.05038, -0.073534, -0.032452, 0.126088, 0.005646, 0.1141, -0.001031, 0.068035]",[384],[384],"Before you make a move, learn how to spot and avoid fake rental ads. How Rental Scam Ads Work How To Tell Whether a Rental Listing Is Real Protect Your Personal Information and Money Report Problems How Rental Scam Ads Work Rental scams oft"
semantic,q5,ftc_rental_scams_data_spotlight.html,4,cfpb_tenant_background_market_report.pdf,0.531712,0.482987,5445,6.94,384,"[0.05038, -0.073534, -0.032452, 0.126088, 0.005646, 0.1141, -0.001031, 0.068035]",[384],[384],"22 See section 4.1.2, below. Renters Homeowners Income Under $30,000 $30,000–74,999 $75,000 and Over CONSUMER FINANCIAL PROTECTION BUREAU 9 3. Market Overview 3.1 Tenant Screening Industry The tenant screening market is opaque. There is no "
semantic,q5,ftc_rental_scams_data_spotlight.html,5,cfpb_tenant_background_market_report.pdf,0.528433,0.50296,15441,6.94,384,"[0.05038, -0.073534, -0.032452, 0.126088, 0.005646, 0.1141, -0.001031, 0.068035]",[384],[384],"Credit Reporting System,” p. 7, https://files.consumerfinance.gov/f/201212_cfpb_credit-reporting-white-paper.pdf; Evan Hendricks, “Credit Scores & Credit Reports. How the System Really Works, What You Can Do,” Privacy Times, 2005; Family Ho"
sentence_window,q1,ftc_rental_listing_scams.html,1,ftc_rental_listing_scams.html,0.651817,0.519816,183,50.71,384,"[0.045439, -0.050476, -0.049581, 0.109286, 0.023538, 0.06002, 0.00361, 0.038027]",[384],[384],"The scammer will do one or more of the following: The scammer might try to pocket your money for the supposed application fee, deposit, first month’s rent, or vacation rental charge."
sentence_window,q1,ftc_rental_listing_scams.html,2,ftc_rental_listing_scams.html,0.645114,0.520444,239,50.71,384,"[0.045439, -0.050476, -0.049581, 0.109286, 0.023538, 0.06002, 0.00361, 0.038027]",[384],[384],"The fake owner might tell you can only secure the property with a&nbsp; wire transfer through Western Union or MoneyGram,&nbsp; gift cards, &nbsp;or&nbsp; cryptocurrency &nbsp;to pay for an application fee, deposit, or first month’s rent."
sentence_window,q1,ftc_rental_listing_scams.html,3,ftc_rental_scams_data_spotlight.html,0.641904,0.465039,263,50.71,384,"[0.045439, -0.050476, -0.049581, 0.109286, 0.023538, 0.06002, 0.00361, 0.038027]",[384],[384],"Reports show these scams can take a few different forms: Scammers pressure you for money upfront before you’ve even seen the place in person.&nbsp; They might say you need to pay an application fee, security deposit, or first month’s rent t"
sentence_window,q1,ftc_rental_listing_scams.html,4,ftc_rental_listing_scams.html,0.619033,0.338155,155,50.71,384,"[0.045439, -0.050476, -0.049581, 0.109286, 0.023538, 0.06002, 0.00361, 0.038027]",[384],[384],"&nbsp;If anyone insists you can only pay with wire transfers through Western Union or MoneyGram,&nbsp; gift cards , or&nbsp; cryptocurrency , it’s a scam."
sentence_window,q1,ftc_rental_listing_scams.html,5,ftc_rental_listing_scams.html,0.611343,0.318448,156,50.71,384,"[0.045439, -0.050476, -0.049581, 0.109286, 0.023538, 0.06002, 0.00361, 0.038027]",[384],[384],"They’ll often charge service fees without actually doing anything for you, and leave you further in the hole with local, state, or federal tax authorities."
sentence_window,q2,california_tenants_2026.pdf,1,california_tenants_2026.pdf,0.852366,0.726415,138,47.95,384,"[0.125766, -0.025051, -0.012115, 0.047433, -0.006981, 0.030006, -0.005548, -0.080366]",[384],[384],"As of July 1, 2024, landlords will be limited to an amount of no more than one month’s rent that they can charge as a security deposit."
sentence_window,q2,california_tenants_2026.pdf,2,california_tenants_2026.pdf,0.838728,0.687217,266,47.95,384,"[0.125766, -0.025051, -0.012115, 0.047433, -0.006981, 0.030006, -0.005548, -0.080366]",[384],[384],"Regardless of the landlord’s justification or name for any other deposits or charges, the law considers them all to be part of the security deposit and limited to an amount equal to one month’s rent.142 Only small landlords can charge more "
sentence_window,q2,california_tenants_2026.pdf,3,california_tenants_2026.pdf,0.814925,0.668242,295,47.95,384,"[0.125766, -0.025051, -0.012115, 0.047433, -0.006981, 0.030006, -0.005548, -0.080366]",[384],[384],"No matter what these payments or fees are called, the law considers them all, as well as any other deposit or charge, to be part of the security deposit.140 The law limits the total amount that the landlords and small landlords (as defined "
sentence_window,q2,california_tenants_2026.pdf,4,california_tenants_2026.pdf,0.800492,0.625993,145,47.95,384,"[0.125766, -0.025051, -0.012115, 0.047433, -0.006981, 0.030006, -0.005548, -0.080366]",[384],[384],"• Suppose the landlord requires you to pay $1,000 security deposit (the maximum allowed by law for an unfurnished unit when the rent is $1,000)."
sentence_window,q2,california_tenants_2026.pdf,5,california_tenants_2026.pdf,0.792756,0.601742,151,47.95,384,"[0.125766, -0.025051, -0.012115, 0.047433, -0.006981, 0.030006, -0.005548, -0.080366]",[384],[384],These rights include all of the following: • Limits on the amount of the security deposit that the landlord can require you to pay (see pages 34-36).
sentence_window,q3,hud_rental_screening_guidance.pdf,1,hud_rental_screening_guidance.pdf,0.849944,0.698302,319,45.95,384,"[-0.013543, 0.057094, -0.029385, 0.0459, 0.03562, 0.047089, -0.036552, -0.143655]",[384],[384],"Even though fewer than one in five renters are Black, over half of all eviction cases are filed against Black renters.105 Black and Hispanic renters have eviction cases filed against them at higher rates than White renters, with women of th"
sentence_window,q3,hud_rental_screening_guidance.pdf,2,hud_rental_screening_guidance.pdf,0.813259,0.765805,813,45.95,384,"[-0.013543, 0.057094, -0.029385, 0.0459, 0.03562, 0.047089, -0.036552, -0.143655]",[384],[384],"Eviction History Eviction records are one of the most commonly-marketed tenant screening components, and they are standard features of many screening reports.101 Tenant screening companies have built private databases from court records of "
sentence_window,q3,hud_rental_screening_guidance.pdf,3,hud_rental_screening_guidance.pdf,0.801946,0.727957,205,45.95,384,"[-0.013543, 0.057094, -0.029385, 0.0459, 0.03562, 0.047089, -0.036552, -0.143655]",[384],[384],"Therefore, tenant screening companies and housing providers should not rely on eviction records that are old, incomplete, irrelevant, or where a better measure of an applicant’s behavior is available."
sentence_window,q3,hud_rental_screening_guidance.pdf,4,hud_rental_screening_guidance.pdf,0.790346,0.685743,447,45.95,384,"[-0.013543, 0.057094, -0.029385, 0.0459, 0.03562, 0.047089, -0.036552, -0.143655]",[384],[384],"April 29, 2024 20 groups bearing even higher disparities.106 Evictions are filed against adults living with children at more than twice the rate than for adults living without children.107 Some groups of renters with disabilities disproport"
sentence_window,q3,hud_rental_screening_guidance.pdf,5,hud_rental_screening_guidance.pdf,0.758575,0.686312,377,45.95,384,"[-0.013543, 0.057094, -0.029385, 0.0459, 0.03562, 0.047089, -0.036552, -0.143655]",[384],[384],"Note that under the Fair Credit Reporting Act, tenant screening companies must include existing disposition information for eviction records.109 Housing providers and tenant screening companies should not deny or recommend the denial of hou"
sentence_window,q4,cfpb_tenant_background_consumer_snapshot.pdf,1,cfpb_tenant_background_consumer_snapshot.pdf,0.848217,0.88636,179,46.96,384,"[0.04859, 0.020692, 0.01629, 0.06641, 0.014746, 0.044791, -0.066951, -0.032521]",[384],[384],"In January 2019, the CFPB received approximately 300 complaints per month and by September 2022, the CFPB received almost 700 complaints per month related to tenant screening."
sentence_window,q4,cfpb_tenant_background_consumer_snapshot.pdf,2,cfpb_tenant_background_consumer_snapshot.pdf,0.829849,0.80535,530,46.96,384,"[0.04859, 0.020692, 0.01629, 0.06641, 0.014746, 0.044791, -0.066951, -0.032521]",[384],[384],"Tenant screening reports can make a would-be renter’s path even more costly and challenging.2 This bulletin outlines difficulties prospective renters encountered in connection with a landlord’s use of a tenant screening report, based on com"
sentence_window,q4,cfpb_tenant_background_consumer_snapshot.pdf,3,cfpb_tenant_background_consumer_snapshot.pdf,0.807672,0.758079,359,46.96,384,"[0.04859, 0.020692, 0.01629, 0.06641, 0.014746, 0.044791, -0.066951, -0.032521]",[384],[384],"5 CONSUMER FINANCIAL PROTECTION BUREAU Data sources To identify the range of issues faced by renters, this report relies on complaints handled by the CFPB from January 2019 through September 2022.6 The report also relies on findings from a "
sentence_window,q4,cfpb_tenant_background_consumer_snapshot.pdf,4,cfpb_tenant_background_consumer_snapshot.pdf,0.78843,0.769414,485,46.96,384,"[0.04859, 0.020692, 0.01629, 0.06641, 0.014746, 0.044791, -0.066951, -0.032521]",[384],[384],"is one of the most complained about tenant screening companies.46 It is also the only tenant screening company among those listed that, after responding to CFPB complaints for years, stopped responding to consumers—just months before the an"
sentence_window,q4,cfpb_tenant_background_consumer_snapshot.pdf,5,cfpb_tenant_background_consumer_snapshot.pdf,0.783733,0.696634,107,46.96,384,"[0.04859, 0.020692, 0.01629, 0.06641, 0.014746, 0.044791, -0.066951, -0.032521]",[384],[384],"2022 2019 2020 2021 2022 0 200 400 600 800 1,000 FIG URE 2: TENANT SCREENING COMPLAINTS BY ISSUES, JAN."
sentence_window,q5,ftc_rental_scams_data_spotlight.html,1,ftc_rental_scams_data_spotlight.html,0.849033,0.906661,105,46.53,384,"[0.05038, -0.073534, -0.032452, 0.126088, 0.005646, 0.1141, -0.001031, 0.068035]",[384],[384],"Since 2020, people have reported nearly 65,000 rental scams to the FTC with about $65 million in losses."
sentence_window,q5,ftc_rental_scams_data_spotlight.html,2,ftc_rental_scams_data_spotlight.html,0.778523,0.493836,63,46.53,384,"[0.05038, -0.073534, -0.032452, 0.126088, 0.005646, 0.1141, -0.001031, 0.068035]",[384],[384],"The median reported loss amount during this period was $1,000."
sentence_window,q5,ftc_rental_scams_data_spotlight.html,3,ftc_rental_scams_data_spotlight.html,0.755323,0.711573,154,46.53,384,"[0.05038, -0.073534, -0.032452, 0.126088, 0.005646, 0.1141, -0.001031, 0.068035]",[384],[384],These figures are based on fraud reports to the Consumer Sentinel Network filed from January 2020 through June 2025 that were identified as rental scams.
sentence_window,q5,ftc_rental_scams_data_spotlight.html,4,ftc_rental_scams_data_spotlight.html,0.744019,0.711682,228,46.53,384,"[0.05038, -0.073534, -0.032452, 0.126088, 0.005646, 0.1141, -0.001031, 0.068035]",[384],[384],Rental scams hit home with $65 million in reported losses | Federal Trade Commission Skip to main content An official website of the United States government Here’s how you know Here's how you know The .gov means it’s official.
sentence_window,q5,ftc_rental_scams_data_spotlight.html,5,ftc_rental_scams_data_spotlight.html,0.727906,0.389825,168,46.53,384,"[0.05038, -0.073534, -0.032452, 0.126088, 0.005646, 0.1141, -0.001031, 0.068035]",[384],[384],&nbsp;at 1 (May 2021)&nbsp;(study showed only 4.8% of people who experienced mass-market consumer fraud complained to a Better Business Bureau or a government entity).
